http,https,socks4,socks5
1.0.170.50:80,1.0.170.50:80,1.4.195.114:4145,1.180.0.162:7302
1.1.189.58:8080,1.1.189.58:8080,1.4.214.148:5678,3.131.207.170:13343
1.1.220.100:8080,1.1.220.100:8080,1.32.59.217:47045,5.161.100.145:1080
1.2.252.65:8080,1.2.252.65:8080,1.53.137.84:4145,8.209.220.34:80
1.20.166.142:8080,1.20.166.142:8080,1.179.130.201:4153,13.233.10.152:9050
1.32.59.217:47045,1.32.59.217:47045,1.179.147.5:52210,20.239.2.157:80
1.179.144.41:8080,1.179.144.41:8080,1.179.148.9:36476,24.249.199.4:4145
1.179.148.9:36476,1.179.148.9:36476,1.186.40.2:39651,24.249.199.12:4145
2.179.193.146:80,2.179.193.146:80,1.221.173.148:4145,37.18.73.60:5566
2.184.4.66:6565,2.184.4.66:6565,2.139.162.80:4145,39.152.104.167:7302
2.184.4.70:6565,2.184.4.70:6565,3.131.207.170:13343,43.129.207.123:3001
2.188.164.194:8080,2.188.164.194:8080,3.141.13.98:5678,43.135.74.226:38081
3.20.236.208:49205,3.20.236.208:49205,5.34.74.234:5678,45.148.121.228:443
3.215.177.148:49205,3.215.177.148:49205,5.58.33.187:55507,47.56.69.11:8000
5.9.112.247:3128,5.9.112.247:3128,5.58.47.25:3629,47.57.188.208:80
5.16.0.18:8080,5.16.0.97:1256,5.58.53.216:1085,47.74.152.29:8888
5.16.0.97:1256,5.16.0.174:8080,5.58.66.55:14888,47.74.226.8:5001
5.16.0.174:8080,5.16.1.17:8080,5.83.94.8:4153,47.89.153.213:80
5.16.1.17:8080,5.22.196.30:8080,5.188.64.79:5678,47.92.113.71:80
5.22.196.30:8080,5.44.62.166:8080,8.39.228.161:39593,47.93.239.66:1080
5.44.62.166:8080,5.58.33.187:55507,8.39.228.193:39593,47.108.217.191:8118
5.58.33.187:55507,5.180.130.91:8080,8.42.71.5:39593,47.240.226.173:1080
5.180.130.91:8080,12.88.29.66:9080,12.218.209.130:13326,47.243.40.107:80
12.88.29.66:9080,12.144.254.185:9080,13.58.88.184:5678,47.252.4.64:8888
12.144.254.185:9080,12.218.209.130:13326,13.58.223.158:5678,47.254.195.78:443
12.218.209.130:13326,14.161.31.192:53281,13.233.10.152:9050,49.12.156.165:80
14.161.31.192:53281,14.170.154.193:19132,14.99.212.242:5678,51.77.141.29:1081
14.170.154.193:19132,14.177.235.17:8080,14.99.214.169:5678,51.83.140.70:8181
14.177.235.17:8080,14.241.39.165:19132,14.241.182.44:5678,51.83.190.248:19050
14.241.39.165:19132,14.241.225.167:80,14.248.80.34:5678,51.222.12.245:10084
14.241.225.167:80,14.248.80.77:8080,18.216.32.60:5678,51.222.13.193:10084
14.248.80.77:8080,18.216.72.10:5678,18.216.72.10:5678,52.28.99.91:1080
18.216.72.10:5678,18.222.17.49:49205,20.239.2.157:80,54.36.108.221:40305
18.222.17.49:49205,27.72.149.205:8080,24.74.26.164:39593,54.39.87.232:39721
27.72.149.205:8080,27.72.244.228:8080,24.234.142.123:31008,58.215.199.34:7302
27.72.244.228:8080,27.147.193.82:8080,24.249.199.4:4145,60.12.77.43:7300
27.147.193.82:8080,27.147.209.215:8080,24.249.199.12:4145,60.165.35.64:7302
27.147.209.215:8080,31.42.57.1:8080,27.123.223.210:4145,60.215.109.34:7302
31.42.57.1:8080,31.43.52.176:41890,31.41.225.205:45067,61.79.139.30:80
31.43.52.176:41890,31.46.33.59:53281,31.43.33.56:4153,61.130.151.230:7302
31.46.33.59:53281,31.131.67.14:8080,31.146.161.194:5678,61.135.30.54:7302
31.131.67.14:8080,31.220.183.217:53281,31.206.38.40:37630,61.145.158.142:7302
31.220.183.217:53281,34.229.130.62:49205,31.206.38.46:37630,62.171.166.158:40063
34.229.130.62:49205,34.230.89.25:49205,31.220.183.217:53281,65.108.156.146:8080
34.230.89.25:49205,36.37.81.135:8080,36.37.180.59:65205,66.42.224.229:41679
36.37.81.135:8080,36.37.180.59:65205,36.37.244.41:5678,66.135.227.181:4145
36.37.180.59:65205,36.66.171.243:8080,36.66.36.251:4153,67.201.33.10:25283
36.66.171.243:8080,36.67.11.41:8080,36.66.170.25:4153,68.71.249.153:48606
36.67.11.41:8080,36.67.27.189:39674,36.66.192.35:38420,69.61.200.104:36181
36.67.27.189:39674,36.67.52.35:8080,36.67.27.189:39674,70.166.167.38:57728
36.67.52.35:8080,36.67.168.117:80,36.67.88.77:4153,70.166.167.55:57745
36.67.168.117:80,36.89.156.146:8080,36.78.210.176:4145,72.49.49.11:31034
36.89.156.146:8080,36.89.156.150:8080,36.89.10.51:44268,72.195.34.35:27360
36.89.156.150:8080,36.89.229.97:50540,36.89.85.49:5678,72.195.34.41:4145
36.89.229.97:50540,36.91.45.10:51672,36.89.126.79:5678,72.195.34.42:4145
36.91.45.10:51672,36.91.68.148:8080,36.89.156.211:4145,72.195.34.58:4145
36.91.68.148:8080,36.91.68.149:8080,36.89.229.97:50540,72.195.34.59:4145
36.91.68.149:8080,36.91.133.49:10000,36.91.45.10:51672,72.195.34.60:27391
36.91.108.142:3128,36.92.70.209:8080,36.92.77.241:5678,72.195.114.169:4145
36.91.133.49:10000,36.92.109.146:8080,36.92.96.179:5678,72.195.114.184:4145
36.92.70.209:8080,36.92.140.113:8080,36.92.138.51:5678,72.206.181.97:64943
36.92.109.146:8080,36.93.2.50:8080,36.92.165.201:5678,72.206.181.103:4145
36.92.140.113:8080,36.93.75.154:8080,36.92.177.9:1081,72.206.181.105:64935
36.93.2.50:8080,36.94.2.138:443,36.93.16.226:4145,72.206.181.123:4145
36.93.75.154:8080,36.94.47.58:4480,36.95.56.58:5678,72.210.208.101:4145
36.94.2.138:443,36.94.47.59:4480,36.95.84.151:41890,72.210.252.134:46164
36.94.47.58:4480,36.94.47.62:4480,36.95.132.253:5678,72.210.252.137:4145
36.94.47.59:4480,36.94.58.26:4480,36.95.142.26:8080,72.217.216.239:4145
36.94.47.62:4480,36.95.15.147:8080,36.255.104.17:1080,72.221.164.34:60671
36.94.58.26:4480,36.95.15.149:8080,37.18.73.60:5566,72.221.172.203:4145
36.95.15.147:8080,36.95.27.209:8080,37.26.86.206:4145,72.221.196.157:35904
36.95.15.149:8080,36.95.81.167:41890,37.57.15.43:33761,72.221.232.155:4145
36.95.27.209:8080,36.95.84.151:41890,37.57.40.167:4145,77.37.155.85:1080
36.95.81.167:41890,36.95.116.9:9812,37.75.112.35:4153,78.38.108.199:1080
36.95.84.151:41890,36.95.142.26:8080,37.98.218.137:5678,81.22.103.65:80
36.95.116.9:9812,36.95.147.251:8080,37.111.50.251:4153,82.156.8.92:80
36.95.142.26:8080,36.95.249.157:8080,37.131.164.93:59341,85.133.229.10:1080
36.95.147.251:8080,37.26.86.206:4145,37.228.65.107:32052,85.143.213.2:9050
36.95.249.157:8080,37.54.13.78:8081,41.57.20.140:1080,91.121.210.56:61946
37.26.86.206:4145,37.57.15.43:33761,41.58.169.214:5678,91.151.88.130:80
37.54.13.78:8081,37.204.157.91:41890,41.72.214.14:5678,91.202.230.219:8080
37.57.15.43:33761,37.228.65.107:32052,41.73.253.234:4145,91.224.168.22:8080
37.204.157.91:41890,37.232.183.74:53281,41.75.212.186:5678,91.242.213.247:8080
37.228.65.107:32052,37.252.73.192:8080,41.76.156.90:47313,95.111.233.170:3000
37.232.183.74:53281,38.41.53.144:9090,41.79.10.218:4673,97.74.230.87:31365
37.252.73.192:8080,38.41.53.145:9090,41.170.12.92:49142,98.162.25.4:31654
38.41.53.144:9090,41.60.216.251:55443,41.184.212.3:4153,98.162.25.7:31653
38.41.53.145:9090,41.72.203.182:42928,41.215.74.26:5678,98.162.25.23:4145
38.130.249.129:999,41.77.13.186:53281,41.223.108.13:1080,98.162.25.29:31679
38.130.249.137:999,41.86.251.61:8080,41.242.57.25:5678,98.162.96.41:4145
41.60.216.251:55443,41.180.68.195:8080,41.242.66.74:5678,98.162.96.52:4145
41.72.203.182:42928,41.184.178.247:8080,43.135.74.226:38081,98.162.96.53:10663
41.77.13.186:53281,41.203.83.66:8080,43.229.254.163:1080,98.170.57.231:4145
41.86.251.61:8080,41.215.85.74:8080,43.230.196.98:48200,98.175.31.195:4145
41.180.68.195:8080,41.220.238.130:83,43.245.94.242:4153,98.178.72.21:10919
41.184.178.247:8080,41.220.238.137:82,43.246.143.250:9999,98.188.47.132:4145
41.203.83.66:8080,41.243.7.18:8080,43.248.25.6:4145,98.188.47.150:4145
41.215.85.74:8080,41.254.53.70:1976,43.248.27.11:54730,103.60.161.2:80
41.220.238.130:83,43.135.74.226:38081,45.5.119.86:4153,103.117.192.14:80
41.220.238.137:82,43.228.95.122:83,45.6.228.178:4145,103.127.1.130:80
41.242.116.150:50000,43.243.140.194:8080,45.7.177.183:39867,103.197.251.202:80
41.243.7.18:8080,43.243.172.2:83,45.7.177.195:39867,103.231.78.36:80
41.254.53.70:1976,43.243.172.18:84,45.7.177.235:39867,103.241.182.97:80
43.135.74.226:38081,43.243.174.26:84,45.7.177.246:39867,103.253.145.43:61461
43.228.95.122:83,43.243.174.56:83,45.70.204.245:4145,106.14.255.124:80
43.243.140.194:8080,43.245.95.178:53805,45.70.206.40:4145,110.78.208.148:8080
43.243.172.2:83,43.249.140.230:8080,45.116.157.236:4145,111.1.91.177:7302
43.243.172.18:84,43.249.224.174:83,45.116.230.79:4673,111.3.118.247:30001
43.243.174.26:84,45.5.57.119:8080,45.122.44.2:5678,111.61.73.175:7302
43.243.174.56:83,45.5.57.122:8080,45.122.45.1:5678,112.54.33.47:7302
43.245.95.178:53805,45.5.58.62:999,45.132.103.14:4153,113.108.247.146:20086
43.249.140.230:8080,45.64.11.233:8080,45.135.235.132:5678,113.160.188.21:1080
43.249.224.174:83,45.70.15.2:8080,45.148.121.228:443,116.212.142.231:33427
45.5.57.119:8080,45.70.15.3:8080,45.160.221.161:5678,118.122.194.18:2021
45.5.57.122:8080,45.70.15.6:8080,45.163.18.90:5678,120.220.220.95:8085
45.5.58.62:999,45.70.15.9:8080,45.166.26.81:53695,122.9.101.6:8888
45.7.177.195:39867,45.70.201.179:999,45.166.135.6:4145,122.224.56.198:7302
45.64.11.233:8080,45.92.108.242:3128,45.172.120.14:4145,123.183.174.69:7302
45.70.15.2:8080,45.114.37.25:8080,45.172.225.13:4153,124.167.248.230:1080
45.70.15.3:8080,45.114.37.221:8080,45.174.161.2:5678,125.141.139.197:5566
45.70.15.6:8080,45.114.38.25:8080,45.175.178.48:4145,125.141.139.198:5566
45.70.15.9:8080,45.114.39.161:8080,45.181.228.208:4145,128.199.196.151:443
45.70.201.179:999,45.116.229.183:8080,45.181.228.220:4145,129.146.18.152:20000
45.92.108.242:3128,45.121.216.218:55443,45.181.228.223:4145,135.181.203.208:80
45.94.73.89:8080,45.127.56.194:83,45.224.197.137:4145,138.199.22.85:10811
45.114.37.25:8080,45.156.31.18:9090,45.232.226.137:52104,138.201.125.229:8118
45.114.38.25:8080,45.156.31.19:9090,45.234.61.157:4153,143.244.184.250:37237
45.114.39.161:8080,45.156.31.58:9090,45.234.67.62:5678,150.109.32.166:80
45.116.229.183:8080,45.160.78.5:999,45.238.37.102:4153,153.121.36.194:8118
45.121.216.218:55443,45.161.115.250:999,45.249.101.4:56457,155.223.64.80:8081
45.127.56.194:83,45.166.144.2:999,46.8.38.1:4153,159.69.153.169:5566
45.156.31.18:9090,45.167.90.85:999,46.21.77.122:4153,159.69.204.95:9100
45.156.31.19:9090,45.167.95.184:8085,46.23.155.18:62638,159.89.228.253:38172
45.156.31.58:9090,45.172.111.2:999,46.36.70.104:1080,163.53.204.178:9813
45.160.78.5:999,45.172.111.5:999,46.98.191.242:5678,174.64.199.79:4145
45.161.115.250:999,45.172.111.91:999,46.98.198.10:5678,174.64.199.82:4145
45.166.144.2:999,45.172.111.93:999,46.99.188.13:42551,174.75.211.222:4145
45.167.90.61:999,45.172.111.125:999,46.107.230.122:1080,174.77.111.196:4145
45.167.90.85:999,45.173.6.5:999,46.149.34.206:3629,174.77.111.197:4145
45.167.95.184:8085,45.173.6.98:999,46.171.28.162:59311,174.77.111.198:49547
45.169.136.183:3128,45.173.231.155:999,46.172.75.51:5678,176.99.2.43:1081
45.170.100.10:999,45.174.70.18:53281,46.173.35.229:3629,178.33.192.51:25201
45.170.100.128:999,45.174.79.117:999,46.174.234.129:5678,182.61.201.201:80
45.172.111.2:999,45.174.79.129:999,46.174.235.37:5678,182.92.77.108:8081
45.172.111.5:999,45.177.109.197:8080,46.188.82.63:4153,183.247.199.215:30001
45.172.111.93:999,45.177.109.219:999,46.219.80.142:45237,183.247.221.119:30001
45.172.111.125:999,45.177.109.220:999,46.227.36.152:1080,184.178.172.5:15303
45.173.6.5:999,45.179.184.6:8083,46.227.37.41:1088,184.178.172.13:15311
45.173.6.98:999,45.182.22.54:999,46.227.37.145:1088,184.178.172.14:4145
45.173.231.155:999,45.184.129.165:8181,47.56.69.11:8000,184.178.172.18:15280
45.174.70.18:53281,45.186.60.10:8085,47.57.188.208:80,184.178.172.25:15291
45.174.77.241:999,45.189.58.77:9090,47.74.152.29:8888,184.178.172.28:15294
45.174.79.117:999,45.189.112.225:999,47.74.226.8:5001,184.181.217.210:4145
45.174.79.129:999,45.189.113.63:999,47.89.153.213:80,185.61.152.137:8080
45.177.109.197:8080,45.189.113.111:999,47.92.113.71:80,185.64.105.82:9050
45.177.109.219:999,45.189.116.21:999,47.93.239.66:1080,185.165.169.199:10846
45.177.109.220:999,45.189.252.130:999,47.102.207.157:10800,185.207.205.134:8001
45.179.184.6:8083,45.189.254.10:999,47.108.217.191:8118,188.166.4.251:8118
45.181.122.74:999,45.190.79.160:999,47.206.214.4:54321,192.111.129.145:16894
45.182.22.54:999,45.190.79.164:999,47.243.40.107:80,192.111.130.2:4145
45.184.129.165:8181,45.190.79.192:999,47.252.4.64:8888,192.111.130.5:17002
45.186.60.10:8085,45.190.170.254:999,49.0.42.114:10801,192.111.135.17:18302
45.189.58.77:9090,45.224.119.10:999,49.156.38.126:5678,192.111.135.18:18301
45.189.112.225:999,45.225.106.99:999,49.156.42.188:5678,192.111.137.34:18765
45.189.113.63:999,45.225.184.177:999,49.156.47.162:8080,192.111.137.35:4145
45.189.113.111:999,45.225.184.206:999,49.206.195.204:5678,192.111.137.37:18762
45.189.116.21:999,45.229.58.33:999,49.248.32.110:48434,192.111.138.29:4145
45.189.252.130:999,45.230.225.1:666,50.47.75.217:5678,192.111.139.162:4145
45.189.254.10:999,45.231.223.250:999,50.47.75.220:5678,192.111.139.163:19404
45.190.79.160:999,45.233.245.85:8083,50.197.210.138:32100,192.111.139.165:4145
45.190.79.164:999,45.235.46.94:8080,50.207.130.238:54321,192.249.127.96:9999
45.190.79.192:999,45.248.41.216:9812,50.233.42.98:30717,192.252.208.67:14287
45.190.170.254:999,45.251.74.142:18080,50.235.117.234:39593,192.252.208.70:14282
45.224.119.10:999,46.0.203.186:8080,50.236.148.254:31699,192.252.209.155:14455
45.225.106.99:999,46.36.132.23:8080,50.237.98.81:1080,192.252.211.197:14921
45.225.184.177:999,46.99.146.221:8080,50.238.47.85:32100,192.252.214.20:15864
45.225.184.206:999,46.99.205.2:8080,50.242.122.141:32100,192.252.215.5:16137
45.229.58.33:999,46.99.205.10:8080,50.246.120.125:8080,192.252.220.92:17328
45.230.225.1:666,46.105.35.193:8080,50.250.205.21:32100,193.203.61.35:8443
45.231.223.250:999,46.161.194.71:8080,50.251.146.121:5678,195.15.240.27:1080
45.233.245.85:8083,46.161.195.102:1981,51.77.141.29:1081,195.135.242.141:8081
45.235.46.94:8080,46.161.195.105:1981,51.83.140.70:8181,198.8.94.170:4145
45.248.41.216:9812,46.191.235.167:443,51.83.190.248:19050,198.8.94.174:39078
45.251.74.142:18080,46.209.131.246:8080,51.222.12.245:10084,198.186.192.83:9050
46.0.203.186:8080,46.209.196.147:8080,51.222.13.193:10084,202.85.197.139:80
46.36.132.23:8080,46.219.80.142:45237,52.28.99.91:1080,206.189.158.86:443
46.99.146.221:8080,46.249.123.165:6565,54.36.108.221:40305,207.180.193.106:9100
46.99.205.2:8080,47.51.51.190:8080,54.36.230.214:1080,208.102.51.6:58208
46.99.205.10:8080,47.108.217.191:8118,54.38.163.25:5678,210.221.124.147:1080
46.105.35.193:8080,47.254.90.125:8080,54.39.87.232:39721,218.1.142.192:57114
46.161.194.71:8080,47.254.248.149:8080,54.153.120.184:9100,218.1.200.234:57114
46.161.195.102:1981,49.128.180.178:8080,58.57.147.86:10800,218.60.2.245:1080
46.161.195.105:1981,49.156.42.188:5678,58.84.31.62:5678,218.252.244.104:80
46.191.235.167:443,49.156.47.162:8080,58.84.56.19:4153,221.178.239.200:7302
46.209.131.246:8080,49.248.32.110:48434,59.7.165.226:4145,223.96.90.216:8085
46.209.196.147:8080,50.233.42.98:30717,59.31.90.206:4145,
46.219.80.142:45237,50.233.228.147:8080,60.217.64.237:35292,
46.249.123.165:6565,50.235.149.74:8080,61.79.139.30:80,
47.51.51.190:8080,50.246.120.125:8080,61.247.25.57:4145,
47.108.217.191:8118,51.68.82.156:8118,62.33.235.14:4153,
47.254.90.125:8080,51.77.141.29:1081,62.103.186.66:4153,
47.254.248.149:8080,51.79.50.31:9300,62.122.201.246:50129,
49.12.156.165:80,51.79.50.46:9300,62.171.166.158:40063,
49.128.180.178:8080,51.89.165.248:8080,62.182.114.164:59623,
49.156.42.188:5678,52.91.171.186:49205,62.201.212.198:4673,
49.156.47.162:8080,58.82.151.242:8080,62.201.233.59:4145,
49.248.32.110:48434,58.82.154.3:80,64.27.10.3:32688,
50.233.42.98:30717,61.7.141.30:8080,64.89.249.1:47124,
50.233.228.147:8080,61.7.159.133:8081,64.124.191.98:32688,
50.235.149.74:8080,61.216.185.88:60808,64.139.79.35:8080,
50.246.120.125:8080,62.89.31.84:81,65.49.67.1:48324,
51.68.82.156:8118,62.176.12.111:8080,65.49.67.161:48324,
51.77.141.29:1081,62.182.114.164:59623,66.42.224.229:41679,
51.79.50.31:9300,62.201.217.194:8080,66.135.227.181:4145,
51.79.50.46:9300,64.119.29.22:8080,66.181.164.125:4673,
51.89.165.248:8080,64.139.79.35:8080,67.73.141.150:5678,
52.28.99.91:1080,65.18.114.254:55443,67.201.33.10:25283,
52.91.171.186:49205,65.20.162.23:41890,67.204.3.193:13135,
58.82.151.242:8080,66.181.164.125:4673,67.206.213.202:4145,
58.82.154.3:80,66.211.155.34:8080,68.71.249.153:48606,
59.98.4.71:8080,68.183.185.62:80,69.61.200.104:36181,
61.7.141.30:8080,69.11.145.106:8080,70.35.213.226:4153,
61.150.96.27:36880,70.186.128.126:8080,70.90.67.139:54321,
61.216.185.88:60808,71.25.47.187:8080,70.166.167.38:57728,
62.176.12.111:8080,74.114.232.162:8080,70.166.167.55:57745,
62.182.114.164:59623,75.106.98.189:8080,72.49.49.11:31034,
62.201.217.194:8080,77.37.155.85:1080,72.195.34.35:27360,
64.119.29.22:8080,77.46.138.38:8080,72.195.34.41:4145,
64.139.79.35:8080,77.46.138.233:8080,72.195.34.42:4145,
65.18.114.254:55443,77.52.187.199:10000,72.195.34.58:4145,
65.20.162.23:41890,77.70.35.87:37475,72.195.34.59:4145,
66.181.164.125:4673,77.225.198.220:9812,72.195.34.60:27391,
66.211.155.34:8080,77.233.5.68:55443,72.195.114.169:4145,
68.183.185.62:80,77.236.236.44:8080,72.195.114.184:4145,
69.11.145.106:8080,77.236.237.177:8080,72.206.181.97:64943,
70.186.128.126:8080,77.236.238.33:1256,72.206.181.103:4145,
71.25.47.187:8080,77.236.248.237:8080,72.206.181.105:64935,
74.114.232.162:8080,77.236.252.187:1256,72.206.181.123:4145,
75.106.98.189:8080,77.238.79.111:8080,72.210.208.101:4145,
77.37.155.85:1080,77.242.21.186:8081,72.210.252.134:46164,
77.46.138.38:8080,78.30.230.117:50932,72.210.252.137:4145,
77.46.138.233:8080,78.83.199.235:53281,72.217.216.239:4145,
77.52.187.199:10000,78.84.14.122:53281,72.221.164.34:60671,
77.70.35.87:37475,79.127.56.147:8080,72.221.172.203:4145,
77.225.198.220:9812,79.127.56.148:8080,72.221.196.157:35904,
77.233.5.68:55443,79.142.95.90:55443,72.221.232.152:4145,
77.236.236.44:8080,80.63.84.58:8081,72.221.232.155:4145,
77.236.237.177:8080,80.65.28.57:30962,76.81.6.107:31008,
77.236.238.33:1256,80.78.237.2:55443,77.70.35.87:37475,
77.236.248.237:8080,80.87.217.6:8080,77.85.168.253:4145,
77.236.252.187:1256,80.90.80.54:8080,77.89.204.254:4145,
77.238.79.111:8080,80.91.116.129:8081,77.104.75.97:5678,
77.242.21.186:8081,80.191.46.60:1515,77.120.163.103:42208,
78.30.230.117:50932,80.191.162.2:514,77.238.79.111:8080,
78.83.199.235:53281,80.244.229.55:1256,77.238.209.58:5678,
78.84.14.122:53281,80.244.231.133:8080,77.242.233.13:4153,
78.128.124.9:60536,81.17.90.219:41890,78.40.104.5:1080,
79.127.56.147:8080,81.91.144.190:55443,78.84.136.235:4145,
79.127.56.148:8080,81.163.57.147:41258,78.128.124.9:60536,
79.140.17.172:8016,82.114.118.142:1256,78.128.124.108:5678,
79.142.95.90:55443,82.147.118.164:8080,79.106.246.174:4145,
80.63.84.58:8081,83.174.218.83:8080,79.175.109.217:4145,
80.65.28.57:30962,83.238.80.17:8081,80.52.223.98:5678,
80.78.237.2:55443,84.204.40.154:8080,80.53.244.214:35098,
80.87.217.6:8080,84.204.40.155:8080,80.65.28.57:30962,
80.91.116.129:8081,84.247.130.114:8080,80.68.76.178:4153,
80.191.46.60:1515,85.25.111.162:5566,80.80.162.81:10805,
80.191.162.2:514,85.30.215.48:32946,80.81.232.145:5678,
80.244.229.55:1256,85.62.10.82:8080,80.89.137.54:4145,
80.244.231.133:8080,85.62.10.83:8080,80.89.137.210:4145,
81.17.90.219:41890,85.113.39.89:81,80.191.46.60:1515,
81.91.144.190:55443,85.114.112.22:8080,81.12.157.98:5678,
81.95.45.234:8080,85.117.56.147:8080,81.12.169.254:4153,
81.163.57.147:41258,85.133.130.18:8080,81.16.9.222:3629,
82.114.90.109:38009,85.133.229.10:1080,81.17.94.50:47163,
82.114.118.142:1256,85.173.165.36:46330,81.22.103.65:80,
82.147.118.164:8080,85.196.179.34:8080,81.91.157.134:5678,
83.174.218.83:8080,85.217.192.39:1414,81.162.199.169:4153,
83.238.80.17:8081,85.234.38.247:3128,81.163.36.210:42967,
84.204.40.154:8080,85.234.126.107:55555,81.183.253.34:4145,
84.204.40.155:8080,86.57.181.122:35709,81.219.155.193:65000,
84.247.130.114:8080,86.110.27.165:3128,82.103.70.227:4145,
85.25.111.162:5566,87.245.209.76:8080,82.103.116.126:4153,
85.30.215.48:32946,87.255.200.108:60080,82.117.215.98:3629,
85.62.10.82:8080,88.255.64.94:8080,82.137.250.18:5678,
85.62.10.83:8080,88.255.101.227:8080,82.142.147.174:4145,
85.114.112.22:8080,88.255.101.229:8080,82.207.20.247:5678,
85.117.56.147:8080,88.255.101.235:8080,83.0.108.65:4145,
85.133.130.18:8080,88.255.102.116:8080,83.103.195.183:4145,
85.133.229.10:1080,89.107.197.165:3128,83.143.24.29:5678,
85.173.165.36:46330,89.208.35.81:3128,83.166.226.72:5678,
85.196.179.34:8080,89.237.33.65:37647,83.168.84.89:4153,
85.217.192.39:1414,89.237.33.113:51549,83.168.84.141:4153,
85.234.38.247:3128,89.237.34.13:37647,83.171.112.77:3629,
85.234.126.107:55555,89.250.221.106:53281,84.22.61.69:1080,
86.57.181.122:35709,91.90.180.185:8080,84.44.2.10:4153,
86.110.27.165:3128,91.93.42.115:10001,84.51.56.123:4145,
87.245.209.76:8080,91.121.210.56:61946,84.53.239.95:4145,
87.255.200.108:60080,91.150.189.122:60647,84.236.185.247:61710,
88.255.64.94:8080,91.186.102.169:8082,85.30.215.48:32946,
88.255.101.227:8080,91.194.239.122:8080,85.72.32.44:44550,
88.255.101.229:8080,91.214.31.234:8080,85.112.70.190:5678,
88.255.101.235:8080,91.221.240.20:1515,85.113.7.142:5678,
88.255.102.116:8080,91.227.183.110:80,85.114.112.22:8080,
89.107.197.165:3128,91.230.155.114:3128,85.117.63.99:4153,
89.208.35.81:3128,91.240.208.142:3128,85.118.105.20:45227,
89.237.33.65:37647,91.242.213.247:8080,85.143.213.2:9050,
89.237.33.113:51549,91.244.114.193:31080,85.172.60.202:1181,
89.250.221.106:53281,92.51.31.177:8080,85.172.66.254:1099,
91.90.180.185:8080,92.60.190.22:50335,85.196.136.13:4153,
91.93.42.115:10001,92.80.1.202:8082,85.196.136.17:4153,
91.93.42.125:10001,92.84.56.10:47054,85.217.192.39:1414,
91.150.189.122:60647,92.207.253.226:38157,86.57.181.122:35709,
91.186.102.169:8082,92.249.122.108:58749,86.110.189.118:42539,
91.194.239.122:8080,93.86.63.73:8080,87.98.221.94:1000,
91.197.77.118:443,93.91.112.247:41258,87.197.136.58:4153,
91.214.31.234:8080,93.100.118.135:8080,88.12.54.146:1081,
91.221.240.20:1515,93.177.229.164:9812,88.119.128.181:4145,
91.227.183.110:80,94.74.132.129:808,88.255.65.100:10800,
91.230.155.114:3128,94.75.76.3:8080,89.17.125.92:5678,
91.240.208.142:3128,94.75.76.10:8080,89.19.175.117:4145,
91.242.213.247:8080,94.101.140.131:9999,89.39.114.31:4153,
91.244.114.193:31080,94.181.48.171:1256,89.43.5.134:3629,
92.51.31.177:8080,94.181.48.249:8080,89.161.89.20:5678,
92.60.190.22:50335,94.232.11.178:46449,89.204.80.190:4153,
92.80.1.202:8082,94.244.28.246:31280,89.218.152.146:1080,
92.84.56.10:47054,94.247.241.70:53640,89.222.132.31:3629,
92.207.253.226:38157,95.0.7.17:8080,89.237.33.65:37647,
92.249.122.108:58749,95.0.66.86:8080,89.237.33.113:51549,
93.86.63.73:8080,95.87.14.245:8181,89.237.34.13:37647,
93.91.112.247:41258,95.140.31.39:41890,89.252.12.123:5678,
93.100.118.135:8080,95.165.163.188:36496,90.150.172.238:4153,
93.177.229.164:9812,95.167.29.50:8080,90.181.150.210:4145,
94.74.132.129:808,95.171.5.144:1256,90.188.56.158:4153,
94.75.76.3:8080,95.216.194.46:1080,91.83.42.1:44550,
94.75.76.10:8080,95.217.20.255:51222,91.92.78.207:4145,
94.101.140.131:9999,96.30.79.84:8080,91.92.80.199:4145,
94.181.48.171:1256,98.164.130.195:8080,91.105.152.168:4145,
94.181.48.249:8080,101.51.55.153:8080,91.121.210.56:61946,
94.232.11.178:46449,101.51.139.179:8080,91.150.189.122:60647,
94.244.28.246:31280,101.99.32.122:8080,91.186.102.169:8082,
94.247.241.70:53640,101.255.121.25:8080,91.193.125.123:3629,
95.0.7.17:8080,101.255.121.27:8080,91.194.239.122:8080,
95.0.66.86:8080,101.255.127.11:8080,91.199.93.32:4153,
95.87.14.245:8181,101.255.164.58:8080,91.202.79.10:3629,
95.140.31.39:41890,102.38.14.157:8080,91.202.230.219:8080,
95.165.163.188:36496,102.38.17.121:8080,91.203.25.28:4153,
95.167.29.50:8080,102.38.21.24:1976,91.213.119.246:46024,
95.171.5.144:1256,102.68.128.210:8080,91.216.66.70:47658,
95.216.194.46:1080,102.68.128.211:8080,91.218.140.96:3629,
95.217.20.255:51222,102.68.128.212:8080,91.221.240.20:1515,
96.30.79.84:8080,102.68.128.214:8080,91.224.168.22:8080,
98.164.130.195:8080,102.68.128.216:8080,91.225.170.25:4153,
101.51.55.153:8080,102.68.128.217:8080,91.242.213.247:8080,
101.51.139.179:8080,102.68.128.218:8080,91.244.69.154:5678,
101.99.32.122:8080,102.68.129.30:8080,91.244.114.193:31080,
101.132.227.173:8080,102.68.130.18:6666,91.246.213.104:4145,
101.255.77.245:8080,102.68.134.94:8080,91.247.250.215:4145,
101.255.121.25:8080,102.68.135.129:8080,92.51.78.66:4153,
101.255.121.27:8080,102.68.135.157:8080,92.60.190.22:50335,
101.255.127.11:8080,102.68.135.229:8080,92.84.56.10:47054,
101.255.164.58:8080,102.69.32.1:8080,92.207.253.226:38157,
102.38.14.157:8080,102.141.197.17:8080,92.241.87.14:5678,
102.38.17.121:8080,103.4.164.206:8080,92.249.122.108:58749,
102.38.21.24:1976,103.5.232.145:8080,93.48.228.247:4153,
102.68.128.210:8080,103.7.27.186:8080,93.105.171.133:4153,
102.68.128.211:8080,103.10.22.236:8080,93.113.101.85:5678,
102.68.128.212:8080,103.11.106.48:8080,93.119.166.150:5678,
102.68.128.214:8080,103.15.60.21:8080,93.159.189.154:4153,
102.68.128.216:8080,103.15.60.23:8080,93.171.224.61:4153,
102.68.128.217:8080,103.15.140.121:44759,93.178.201.231:52281,
102.68.128.218:8080,103.17.213.98:8080,93.182.76.244:5678,
102.68.129.30:8080,103.18.77.242:8080,93.184.151.48:5678,
102.68.130.18:6666,103.19.130.50:8080,94.72.158.129:4153,
102.68.134.94:8080,103.29.185.54:8181,94.101.185.67:80,
102.68.135.129:8080,103.31.109.59:3128,94.198.215.22:52477,
102.68.135.157:8080,103.31.235.102:8080,94.232.11.178:46449,
102.68.135.229:8080,103.36.35.135:8080,94.240.19.27:5678,
102.69.32.1:8080,103.38.5.226:83,94.240.24.91:5678,
102.141.197.17:8080,103.41.173.47:3128,94.247.241.70:53640,
103.4.164.206:8080,103.42.161.9:8080,94.253.95.241:3629,
103.5.232.145:8080,103.42.162.50:8080,95.0.206.211:10820,
103.7.27.186:8080,103.44.156.62:8080,95.9.194.13:30436,
103.10.22.236:8080,103.44.156.129:8080,95.31.35.210:3629,
103.11.106.48:8080,103.48.68.35:83,95.43.125.120:4153,
103.15.60.21:8080,103.52.144.49:8080,95.71.125.50:60867,
103.15.60.23:8080,103.54.43.131:8080,95.80.89.150:1080,
103.15.140.121:44759,103.55.48.206:8080,95.111.233.170:3000,
103.17.213.98:8080,103.59.176.154:8080,95.165.163.188:36496,
103.18.77.242:8080,103.59.213.29:8080,95.170.201.34:43018,
103.19.130.50:8080,103.60.173.114:8080,96.9.77.71:51080,
103.29.185.54:8181,103.65.212.150:8085,97.74.230.87:31365,
103.31.109.59:3128,103.66.196.218:23500,98.162.25.4:31654,
103.31.235.102:8080,103.68.207.34:82,98.162.25.7:31653,
103.36.35.135:8080,103.69.39.1:8080,98.162.25.16:4145,
103.38.5.226:83,103.70.79.2:8080,98.162.25.23:4145,
103.41.173.47:3128,103.70.130.134:83,98.162.25.29:31679,
103.42.161.9:8080,103.71.21.238:83,98.162.96.41:4145,
103.42.162.50:8080,103.71.22.2:83,98.162.96.52:4145,
103.44.156.62:8080,103.73.74.22:2021,98.162.96.53:10663,
103.44.156.129:8080,103.73.74.219:2021,98.170.57.231:4145,
103.48.68.34:83,103.73.102.74:3127,98.170.57.249:4145,
103.48.68.35:83,103.74.147.22:83,98.175.31.195:4145,
103.48.68.36:83,103.76.13.134:9812,98.178.72.21:10919,
103.52.144.49:8080,103.76.27.34:8080,98.188.47.132:4145,
103.54.43.131:8080,103.76.253.66:3129,98.188.47.150:4145,
103.55.48.206:8080,103.77.10.22:8080,101.34.225.139:9999,
103.59.176.154:8080,103.78.25.99:3128,101.51.121.3:4153,
103.59.213.29:8080,103.78.36.163:46977,101.51.121.29:4153,
103.60.173.114:8080,103.78.97.38:8080,101.51.141.17:4153,
103.65.212.150:8085,103.78.171.10:83,101.95.182.26:5678,
103.66.196.218:23500,103.79.74.129:53879,101.96.123.21:1080,
103.68.207.34:82,103.79.74.193:53879,102.23.128.1:5678,
103.69.39.1:8080,103.80.237.211:3888,102.36.157.235:11337,
103.70.79.2:8080,103.81.214.254:83,102.38.50.62:4153,
103.70.130.134:83,103.83.116.202:55443,102.66.228.125:5678,
103.71.21.238:83,103.85.114.244:8080,102.128.130.70:1080,
103.71.22.2:83,103.95.40.211:3128,102.132.76.29:5678,
103.73.74.22:2021,103.103.3.6:8080,102.164.216.62:1080,
103.73.74.219:2021,103.105.76.8:8080,102.176.160.70:5678,
103.73.102.74:3127,103.105.212.106:53281,102.219.33.98:1080,
103.74.147.22:83,103.106.193.117:7532,102.219.33.110:1080,
103.76.13.134:9812,103.112.162.179:8080,102.219.33.129:1080,
103.76.27.34:8080,103.114.10.234:8080,102.244.120.10:45413,
103.76.253.66:3129,103.114.98.217:6000,103.1.105.10:4153,
103.77.10.22:8080,103.116.203.242:40927,103.5.63.211:40544,
103.78.25.99:3128,103.116.203.245:40927,103.5.63.212:40544,
103.78.36.163:46977,103.119.55.21:8082,103.5.63.214:40544,
103.78.97.38:8080,103.121.41.165:8080,103.5.127.132:5678,
103.78.171.10:83,103.121.122.72:9812,103.6.207.9:4153,
103.79.74.129:53879,103.121.215.34:40927,103.8.115.27:48644,
103.79.74.193:53879,103.122.32.10:8080,103.25.120.138:44550,
103.80.237.211:3888,103.122.202.2:8080,103.26.209.206:11080,
103.81.214.254:83,103.123.64.20:8888,103.30.0.249:4145,
103.83.116.202:55443,103.123.64.234:3128,103.36.11.122:4145,
103.85.114.244:8080,103.124.97.11:8080,103.40.102.252:8888,
103.95.40.211:3128,103.125.162.134:83,103.40.122.194:1080,
103.103.3.6:8080,103.130.106.169:83,103.44.12.37:4145,
103.105.76.8:8080,103.130.141.98:8080,103.44.13.246:4145,
103.105.78.205:8080,103.134.98.17:83,103.47.57.233:5678,
103.105.212.106:53281,103.134.98.65:83,103.47.93.226:1080,
103.106.193.117:7532,103.134.98.81:82,103.47.93.242:1080,
103.112.162.179:8080,103.134.98.97:83,103.48.181.189:4145,
103.114.10.234:8080,103.135.220.91:8080,103.51.46.6:4145,
103.114.98.217:6000,103.135.220.92:8080,103.58.75.29:5678,
103.116.203.242:40927,103.137.91.250:8080,103.59.190.2:56252,
103.116.203.245:40927,103.138.41.132:8080,103.60.138.33:4153,
103.119.55.21:8082,103.139.242.233:84,103.60.161.2:80,
103.121.41.165:8080,103.142.21.197:8080,103.60.182.238:4153,
103.121.122.72:9812,103.142.108.145:8080,103.61.198.118:4145,
103.121.215.34:40927,103.144.18.67:8082,103.66.233.225:4145,
103.122.32.10:8080,103.144.18.94:8083,103.70.159.128:5678,
103.122.202.2:8080,103.144.79.186:8080,103.70.206.65:59311,
103.123.64.20:8888,103.144.165.86:8080,103.76.190.37:31756,
103.123.64.234:3128,103.145.57.50:8080,103.77.157.242:4145,
103.124.97.11:8080,103.145.57.109:8080,103.77.227.161:4153,
103.125.162.134:83,103.145.133.22:42325,103.78.25.99:3128,
103.130.106.169:83,103.145.141.36:8080,103.78.54.10:4153,
103.130.141.98:8080,103.145.151.130:8080,103.79.96.193:4153,
103.134.98.17:83,103.145.168.74:84,103.81.117.122:4153,
103.134.98.65:83,103.146.30.178:8080,103.81.117.225:4153,
103.134.98.81:82,103.146.170.193:83,103.82.8.189:4153,
103.134.98.97:83,103.146.170.252:83,103.84.134.9:1080,
103.135.220.91:8080,103.146.222.2:83,103.84.178.2:4153,
103.135.220.92:8080,103.147.77.66:5021,103.85.103.25:5678,
103.137.91.250:8080,103.148.39.38:82,103.87.212.15:4153,
103.138.41.132:8080,103.148.39.50:83,103.88.126.170:5678,
103.139.242.233:84,103.148.192.74:80,103.88.221.194:46450,
103.141.52.218:8000,103.148.201.76:8080,103.94.133.90:4153,
103.142.21.197:8080,103.151.177.221:8080,103.94.133.93:4153,
103.142.108.145:8080,103.152.232.14:8080,103.94.133.94:4153,
103.144.18.67:8082,103.152.232.162:8080,103.95.97.186:31244,
103.144.18.94:8083,103.153.40.38:8080,103.103.143.63:5678,
103.144.79.186:8080,103.153.232.241:8080,103.105.76.21:5678,
103.144.165.86:8080,103.155.54.73:83,103.105.103.17:3629,
103.145.57.50:8080,103.155.54.245:83,103.106.112.11:5430,
103.145.57.109:8080,103.155.166.92:8181,103.109.59.77:1080,
103.145.133.22:42325,103.156.17.35:8181,103.111.22.26:58563,
103.145.141.36:8080,103.156.17.60:8888,103.111.160.41:5678,
103.145.151.130:8080,103.156.17.123:8888,103.113.3.236:4145,
103.145.168.74:84,103.156.216.194:8443,103.115.255.1:36331,
103.146.30.178:8080,103.156.249.34:8085,103.115.255.129:36331,
103.146.170.193:83,103.156.249.52:8080,103.116.202.241:5678,
103.146.170.252:83,103.159.46.2:82,103.116.203.242:40927,
103.146.222.2:83,103.159.46.41:83,103.116.203.245:40927,
103.147.77.66:5021,103.159.47.34:83,103.117.192.14:80,
103.148.39.38:82,103.159.68.147:8080,103.121.62.133:5678,
103.148.39.50:83,103.159.196.215:1085,103.121.215.34:40927,
103.148.192.74:80,103.159.200.3:8080,103.123.249.15:5678,
103.148.201.76:8080,103.159.220.65:8080,103.124.136.77:4145,
103.151.177.221:8080,103.160.132.26:82,103.124.137.158:1080,
103.152.232.14:8080,103.161.30.1:83,103.127.1.130:80,
103.152.232.162:8080,103.161.164.109:8181,103.131.8.27:5678,
103.153.40.38:8080,103.162.205.251:8181,103.132.54.54:1080,
103.153.232.241:8080,103.163.193.254:84,103.132.124.18:5678,
103.155.54.73:83,103.164.116.170:8080,103.133.37.77:4153,
103.155.54.245:83,103.164.118.83:8080,103.133.222.170:443,
103.155.166.92:8181,103.164.200.227:83,103.134.214.130:1648,
103.156.17.35:8181,103.164.221.34:8080,103.139.246.166:5678,
103.156.17.60:8888,103.165.251.2:8080,103.140.83.94:4145,
103.156.17.123:8888,103.166.39.33:3629,103.140.205.133:1080,
103.156.216.194:8443,103.166.197.34:3128,103.142.110.202:5678,
103.156.249.34:8085,103.167.109.31:80,103.143.84.72:44550,
103.156.249.52:8080,103.168.164.26:83,103.144.18.95:80,
103.159.46.2:82,103.170.97.60:8080,103.144.161.104:8291,
103.159.46.41:83,103.172.70.27:81,103.144.181.122:44550,
103.159.47.34:83,103.174.81.66:8080,103.145.9.149:44550,
103.159.68.147:8080,103.175.156.142:8080,103.146.110.22:50860,
103.159.196.215:1085,103.175.237.9:3127,103.146.170.65:5678,
103.159.200.3:8080,103.183.60.226:9812,103.146.182.26:4145,
103.159.220.65:8080,103.205.183.18:55443,103.146.182.54:4145,
103.160.132.26:82,103.206.51.225:84,103.147.119.3:4145,
103.161.30.1:83,103.209.230.113:8080,103.150.209.217:1080,
103.161.164.109:8181,103.209.230.193:8080,103.151.47.22:46889,
103.162.205.251:8181,103.212.93.233:48434,103.152.43.6:5678,
103.163.193.254:84,103.212.93.253:41363,103.153.140.241:4153,
103.164.116.170:8080,103.213.213.18:83,103.156.14.50:5678,
103.164.118.83:8080,103.213.213.22:83,103.156.249.37:1080,
103.164.200.227:83,103.213.237.129:8080,103.157.224.1:5678,
103.164.221.34:8080,103.215.177.212:80,103.158.121.186:1088,
103.165.251.2:8080,103.215.207.34:83,103.159.21.66:5678,
103.166.10.9:8181,103.215.207.50:81,103.159.194.145:5678,
103.166.39.33:3629,103.215.207.54:83,103.159.243.65:5678,
103.166.197.34:3128,103.215.207.81:82,103.161.31.41:5678,
103.167.109.31:80,103.215.207.85:83,103.161.76.91:1080,
103.168.164.26:83,103.216.144.201:8080,103.164.190.221:5430,
103.170.97.60:8080,103.218.102.162:8080,103.165.175.71:5678,
103.171.83.66:8080,103.220.206.110:59570,103.166.32.130:11080,
103.172.70.27:81,103.221.254.102:48146,103.166.39.33:3629,
103.174.81.66:8080,103.243.114.206:8080,103.171.241.1:1080,
103.175.156.142:8080,103.248.93.5:8080,103.172.230.18:4153,
103.175.237.9:3127,103.250.68.10:8080,103.174.238.98:1080,
103.183.60.226:9812,104.192.202.11:8080,103.197.251.202:80,
103.205.183.18:55443,105.19.63.217:9812,103.199.97.5:39825,
103.206.51.225:84,105.112.95.133:8080,103.203.176.2:8291,
103.209.230.113:8080,105.112.142.210:8080,103.209.230.113:8080,
103.209.230.193:8080,105.174.40.54:8080,103.209.230.193:8080,
103.212.93.233:48434,106.0.48.130:8080,103.210.28.154:31433,
103.212.93.253:41363,106.15.2.195:8118,103.210.35.98:4145,
103.213.213.18:83,107.178.9.186:8080,103.212.93.217:45639,
103.213.213.22:83,109.70.189.70:61007,103.212.93.233:48434,
103.213.237.129:8080,109.127.82.126:8080,103.212.93.241:45639,
103.215.177.212:80,109.167.134.253:30710,103.212.93.253:41363,
103.215.207.34:83,109.195.23.223:34031,103.215.24.162:5678,
103.215.207.50:81,109.238.222.5:40387,103.221.228.50:5678,
103.215.207.54:83,110.74.195.34:25,103.221.254.102:48146,
103.215.207.81:82,110.74.222.71:44970,103.229.83.106:6789,
103.215.207.85:83,110.76.129.106:59570,103.231.78.36:80,
103.216.144.201:8080,110.78.81.107:8080,103.233.154.19:4145,
103.218.102.162:8080,110.139.128.232:3127,103.238.68.87:40921,
103.220.206.110:59570,110.139.171.8:8080,103.239.52.215:5678,
103.221.254.102:48146,110.235.249.226:8080,103.239.54.47:3629,
103.231.231.82:8080,111.68.26.44:8080,103.240.33.193:8291,
103.243.114.206:8080,111.68.26.237:8080,103.240.33.209:8291,
103.248.93.5:8080,111.68.31.156:8080,103.241.182.97:80,
103.250.68.10:8080,111.90.188.206:8080,103.248.40.110:5678,
104.192.202.11:8080,111.92.164.242:50249,103.250.152.20:5678,
105.19.63.217:9812,112.14.47.6:57545,103.253.145.43:61461,
105.112.95.133:8080,112.78.134.133:7777,104.139.74.25:34368,
105.112.142.210:8080,112.78.137.106:8080,105.27.143.174:4153,
105.174.40.54:8080,112.78.170.250:8080,106.14.255.124:80,
106.0.48.130:8080,112.250.107.37:53281,109.69.0.179:5678,
106.15.2.195:8118,113.53.29.218:33885,109.69.161.131:10801,
107.178.9.186:8080,113.160.182.236:19132,109.70.189.51:3629,
109.70.189.70:61007,113.160.208.255:8080,109.70.189.70:61007,
109.127.82.126:8080,113.160.241.196:19132,109.70.206.42:5678,
109.167.134.253:30710,113.176.88.14:8080,109.75.34.152:59341,
109.195.23.223:34031,113.176.118.231:9812,109.75.42.82:3629,
109.238.222.5:40387,113.177.48.183:19132,109.87.130.6:5678,
110.74.195.34:25,114.5.199.220:443,109.94.182.128:4145,
110.74.222.71:44970,114.6.88.238:36732,109.110.82.245:5678,
110.76.129.106:59570,114.79.146.137:8080,109.122.81.1:57553,
110.78.81.107:8080,115.74.213.139:8080,109.166.207.162:3629,
110.139.128.232:3127,115.74.246.138:8080,109.167.134.253:30710,
110.139.171.8:8080,115.96.208.124:8080,109.188.86.168:4145,
110.235.249.226:8080,115.124.79.93:8080,109.195.23.223:34031,
111.68.26.44:8080,115.127.162.234:8080,109.197.55.234:1080,
111.68.26.237:8080,115.147.15.109:8080,109.201.96.222:4145,
111.68.31.156:8080,116.0.4.54:8080,109.224.22.34:51372,
111.90.188.206:8080,116.90.229.186:35561,109.224.22.35:51372,
111.92.164.242:50249,116.197.134.98:8080,109.233.212.105:4145,
112.14.47.6:57545,116.197.154.65:8080,109.237.92.138:4145,
112.78.134.133:7777,116.197.154.81:8080,109.238.222.1:4153,
112.78.137.106:8080,116.206.243.50:80,109.238.222.5:40387,
112.78.170.250:8080,117.54.11.85:3128,110.77.149.20:4153,
112.250.107.37:53281,117.54.130.66:53281,110.78.81.107:8080,
113.53.29.218:33885,117.54.238.62:8080,110.78.82.233:5678,
113.160.182.236:19132,117.121.204.9:34002,110.78.164.234:4153,
113.160.208.255:8080,117.186.143.130:8118,110.78.208.148:8080,
113.160.241.196:19132,118.67.219.153:8080,110.139.128.232:3127,
113.176.88.14:8080,118.70.12.171:53281,110.185.101.177:51800,
113.176.118.231:9812,118.70.109.148:55443,110.185.105.210:51800,
113.177.48.183:19132,118.97.47.249:55443,111.3.118.247:30001,
114.5.199.220:443,118.97.164.19:8080,111.92.164.242:50249,
114.6.88.238:36732,118.97.235.234:8080,112.14.47.6:57545,
114.79.146.137:8080,118.163.13.200:8080,112.14.59.154:51080,
115.74.213.139:8080,118.163.120.181:58837,112.78.138.163:5678,
115.74.246.138:8080,118.172.43.60:8080,112.78.170.250:8080,
115.96.208.124:8080,118.172.201.216:8080,112.133.192.231:5678,
115.124.79.93:8080,119.15.95.158:8080,112.221.46.117:4153,
115.127.162.234:8080,119.18.152.210:3127,113.11.60.253:5678,
115.147.15.109:8080,119.42.152.252:8080,113.53.29.218:33885,
116.0.4.54:8080,119.82.241.21:8080,113.74.26.115:4145,
116.90.229.186:35561,119.235.17.105:55443,113.108.247.146:20086,
116.197.134.98:8080,120.29.124.131:8080,113.125.124.159:51800,
116.197.154.65:8080,120.89.90.230:80,113.160.106.45:4153,
116.197.154.81:8080,120.194.55.139:5678,113.160.234.147:31797,
116.206.243.50:80,120.197.179.166:8080,113.160.247.115:4145,
117.54.11.85:3128,121.8.215.106:9797,113.161.13.52:5678,
117.54.130.66:53281,121.101.131.142:9090,113.161.128.192:4153,
117.54.238.62:8080,121.101.133.59:8080,113.161.145.229:4153,
117.121.204.9:34002,121.101.133.68:8080,113.161.175.177:5678,
117.186.143.130:8118,121.139.218.165:43295,113.161.248.75:1080,
118.67.219.153:8080,122.2.28.114:8080,113.161.254.4:1080,
118.70.12.171:53281,122.3.41.154:8090,113.162.84.218:1080,
118.70.109.148:55443,122.3.103.31:3128,113.162.84.219:1080,
118.97.47.249:55443,122.50.7.186:8080,113.204.4.142:10800,
118.97.164.19:8080,122.102.118.83:8080,114.4.245.54:1081,
118.97.235.234:8080,123.25.15.209:9812,114.6.88.238:36732,
118.163.13.200:8080,123.57.90.181:8080,114.69.244.66:60616,
118.163.120.181:58837,123.200.17.107:8080,114.108.177.104:60984,
118.172.43.60:8080,123.201.21.234:8080,114.134.90.43:5678,
118.172.201.216:8080,123.231.221.178:8080,114.134.90.110:10800,
119.15.95.158:8080,124.67.20.251:53281,114.242.116.52:4145,
119.18.152.210:3127,124.83.74.218:8080,114.242.116.56:4145,
119.42.152.252:8080,124.158.167.18:8080,115.85.84.163:5678,
119.82.241.21:8080,124.158.167.26:8080,115.85.85.162:5678,
119.235.17.105:55443,124.158.167.173:8080,115.85.86.114:5678,
120.29.124.131:8080,124.158.167.242:8080,115.127.121.202:5678,
120.89.90.230:80,125.25.45.11:8080,115.164.146.18:13629,
120.194.55.139:5678,128.0.179.234:41258,115.242.248.226:5678,
120.197.179.166:8080,128.201.119.251:999,116.58.122.50:5678,
121.8.215.106:9797,131.72.69.40:45005,116.66.205.50:5678,
121.101.131.142:9090,131.72.69.98:45005,116.90.229.186:35561,
121.101.133.59:8080,131.108.220.57:45005,116.118.98.5:5678,
121.101.133.68:8080,132.255.210.117:999,116.162.157.253:4145,
121.139.218.165:43295,132.255.210.119:999,116.199.170.17:4145,
122.2.28.114:8080,134.0.63.134:8000,116.204.229.97:4145,
122.3.41.154:8090,134.19.254.2:4153,116.254.100.165:50536,
122.3.103.31:3128,134.249.185.223:41890,117.20.56.203:4145,
122.50.7.186:8080,136.232.116.2:48976,117.54.130.66:53281,
122.102.118.83:8080,136.233.136.41:48976,117.54.201.94:5678,
122.224.56.198:7302,138.36.23.229:8080,117.102.72.114:4153,
123.25.15.209:9812,138.117.84.134:999,117.102.78.166:1080,
123.57.90.181:8080,138.117.110.87:999,117.102.115.154:4153,
123.200.17.107:8080,138.117.231.129:999,117.102.119.150:32302,
123.201.21.234:8080,138.122.147.122:8080,117.197.124.178:5678,
123.231.221.178:8080,138.201.125.229:8118,118.67.223.4:5678,
124.67.20.251:53281,138.219.244.128:6666,118.122.194.18:2021,
124.83.74.218:8080,138.255.240.66:41466,118.174.47.182:4145,
124.158.167.18:8080,139.5.132.245:8080,118.174.65.251:4145,
124.158.167.26:8080,139.255.5.98:443,119.2.54.25:5678,
124.158.167.173:8080,139.255.10.234:8080,119.10.177.90:4145,
124.158.167.242:8080,139.255.41.118:8080,119.15.81.98:5678,
125.25.45.11:8080,139.255.72.220:8080,119.15.89.87:5678,
128.0.179.234:41258,139.255.74.125:8080,119.63.135.206:5678,
128.201.119.251:999,139.255.77.74:8080,119.93.122.233:4145,
129.18.210.126:9812,139.255.109.27:8080,119.148.103.1:4153,
129.146.18.152:20000,139.255.123.3:8080,119.235.49.121:4153,
129.205.182.200:1080,143.208.58.90:8080,120.194.55.139:5678,
131.72.69.40:45005,143.255.142.80:8080,120.220.220.95:8085,
131.72.69.98:45005,144.76.42.215:8118,121.101.186.33:43296,
131.108.220.57:45005,146.158.92.137:8080,121.134.198.156:4145,
131.161.53.38:1994,147.135.134.57:9300,121.139.218.165:43295,
132.255.210.117:999,149.5.37.113:8080,121.200.60.122:4153,
134.0.63.134:8000,149.56.96.252:9300,121.200.60.198:8010,
134.19.254.2:4153,150.107.137.25:8080,121.200.62.246:4153,
134.249.185.223:41890,152.169.106.145:80,122.2.65.202:5678,
136.228.160.250:5678,152.200.154.57:999,122.3.255.114:4145,
136.232.116.2:48976,152.200.154.60:999,122.9.101.6:8888,
136.233.136.41:48976,152.231.25.114:8080,122.52.187.137:5678,
138.0.91.227:999,152.231.25.195:60080,122.116.29.68:4145,
138.36.23.229:8080,152.231.25.196:60080,122.248.46.253:4145,
138.117.84.134:999,152.231.27.33:60080,123.200.2.122:5678,
138.117.110.87:999,153.121.36.194:8118,123.200.9.30:5678,
138.117.231.129:999,153.126.179.216:8080,123.200.19.218:5678,
138.122.147.122:8080,154.64.211.145:999,123.231.230.58:31196,
138.201.125.229:8118,154.64.219.41:8888,123.234.46.51:4153,
138.219.244.128:6666,154.73.159.253:8585,123.253.124.28:5678,
138.255.240.66:41466,154.113.32.17:8080,124.79.135.22:4145,
139.5.132.245:8080,154.113.32.26:8080,124.105.55.176:30906,
139.255.5.98:443,154.113.69.154:8080,124.107.46.206:5678,
139.255.10.234:8080,154.113.119.50:8080,124.109.22.174:5678,
139.255.41.118:8080,154.159.243.117:8080,124.167.248.230:1080,
139.255.72.220:8080,155.0.181.254:41174,125.25.57.76:4145,
139.255.74.125:8080,155.93.96.210:8080,125.27.251.173:33008,
139.255.77.74:8080,157.100.53.100:999,125.141.139.197:5566,
139.255.109.27:8080,157.100.53.102:999,125.141.139.198:5566,
139.255.123.3:8080,157.100.53.110:999,129.18.180.224:5678,
143.208.58.90:8080,157.100.56.179:999,129.146.18.152:20000,
143.208.58.92:8080,157.100.56.180:999,129.205.182.200:1080,
143.255.142.80:8080,157.230.40.79:8080,129.205.198.66:5678,
144.76.42.215:8118,158.69.52.218:9300,129.205.244.158:1080,
146.158.92.137:8080,158.69.53.98:9300,130.193.123.34:5678,
147.135.134.57:9300,158.69.71.245:9300,131.161.68.41:35944,
149.5.37.113:8080,158.140.169.86:80,131.161.177.62:5678,
149.56.96.252:9300,159.65.69.186:9300,131.196.180.1:4153,
150.107.137.25:8080,159.192.138.170:8080,131.221.120.196:5678,
152.169.106.145:80,159.224.243.185:37793,131.221.165.53:4153,
152.200.154.57:999,160.3.168.70:8080,134.0.63.134:8000,
152.200.154.60:999,160.119.128.102:21213,134.19.254.2:4153,
152.231.25.114:8080,160.226.132.33:8080,134.249.151.4:54965,
152.231.25.195:60080,161.49.90.70:1337,136.228.160.250:5678,
152.231.25.196:60080,161.49.176.173:1337,136.228.162.179:5678,
152.231.27.33:60080,165.16.27.35:1981,136.232.116.2:48976,
153.121.36.194:8118,165.16.43.1:8080,136.233.136.41:48976,
153.126.179.216:8080,165.16.46.67:8080,138.59.177.117:5678,
154.64.211.145:999,165.16.46.193:8080,138.99.95.9:4145,
154.64.219.41:8888,165.16.46.215:8080,138.117.141.27:8888,
154.73.159.253:8585,165.16.113.98:8080,138.186.135.1:4153,
154.113.32.17:8080,165.73.129.1:56975,138.201.125.229:8118,
154.113.32.26:8080,167.99.83.205:8118,138.255.240.66:41466,
154.113.69.154:8080,167.179.45.50:55443,139.180.170.204:44444,
154.113.119.50:8080,167.249.180.42:8080,143.137.99.202:5678,
154.159.243.117:8080,167.250.180.2:6969,143.202.129.170:5678,
155.0.181.254:41174,167.250.180.4:6969,143.202.136.49:5678,
155.93.96.210:8080,167.250.180.6:6969,143.244.184.250:37237,
157.100.12.138:999,168.90.14.162:999,146.120.160.148:5678,
157.100.53.100:999,168.90.15.177:999,148.77.34.200:54321,
157.100.53.102:999,168.196.215.16:9999,149.20.253.100:12551,
157.100.53.110:999,168.205.100.36:8080,150.109.32.166:80,
157.100.56.179:999,168.205.102.26:8080,150.129.57.251:4153,
157.100.56.180:999,170.0.86.147:999,150.129.148.87:41889,
157.230.40.79:8080,170.0.86.148:999,150.129.207.84:41889,
158.69.52.218:9300,170.79.12.66:9090,153.121.36.194:8118,
158.69.53.98:9300,170.80.202.242:999,154.61.227.8:64312,
158.69.71.245:9300,170.80.202.246:999,154.61.227.9:64312,
158.140.169.86:80,170.81.35.26:33566,154.64.217.128:36468,
159.65.69.186:9300,170.83.242.250:999,154.66.108.52:3629,
159.192.138.170:8080,170.239.255.2:55443,154.72.78.146:5678,
159.224.243.185:37793,170.244.210.107:999,154.79.248.156:5678,
160.3.168.70:8080,170.244.210.109:999,154.79.250.48:5678,
160.119.128.102:21213,170.246.85.9:37163,154.160.70.29:1080,
160.226.132.33:8080,171.233.151.214:55443,155.0.181.254:41174,
161.49.90.70:1337,173.165.102.210:8080,155.223.64.80:8081,
161.49.91.13:1337,173.196.205.170:8080,155.254.9.2:36510,
161.49.176.173:1337,173.197.167.242:8080,158.140.185.64:5678,
165.16.27.35:1981,173.219.112.85:8080,159.69.153.169:5566,
165.16.43.1:8080,173.249.30.197:8118,159.69.204.95:9100,
165.16.43.2:8080,174.81.78.64:48678,159.89.228.253:38172,
165.16.46.67:8080,175.100.72.95:55360,159.192.97.129:5678,
165.16.46.193:8080,175.101.80.136:8080,159.192.97.156:4145,
165.16.46.215:8080,175.101.80.145:8080,159.224.243.185:37793,
165.16.113.98:8080,175.101.85.129:8080,161.49.158.165:5678,
165.73.129.1:56975,175.106.10.164:8089,162.14.135.190:10800,
167.99.83.205:8118,175.184.230.233:6565,163.53.186.250:5678,
167.179.45.50:55443,176.31.7.185:8080,163.53.205.161:4153,
167.249.180.42:8080,176.99.2.43:1081,165.22.101.15:80,
167.250.180.2:6969,176.110.121.90:21776,165.166.182.41:37387,
167.250.180.4:6969,176.115.197.118:8080,168.227.158.53:4145,
167.250.180.6:6969,176.118.50.237:53281,168.232.60.242:5678,
168.90.14.162:999,176.118.50.238:53281,168.232.122.35:5678,
168.90.15.177:999,176.214.97.55:1256,169.255.189.105:4145,
168.196.215.16:9999,176.235.131.228:9090,170.78.15.56:4153,
168.205.100.36:8080,176.235.131.229:9090,170.81.35.26:33566,
168.205.102.26:8080,176.236.85.246:9090,170.81.141.254:61437,
169.46.126.192:80,176.236.232.54:9090,170.84.50.225:4153,
170.0.86.144:999,176.236.232.66:9090,170.231.64.112:5678,
170.0.86.147:999,176.241.89.244:53583,170.244.0.179:4145,
170.0.86.148:999,177.23.54.10:6006,170.246.85.9:37163,
170.79.12.66:9090,177.53.152.138:999,170.247.43.142:32812,
170.80.202.242:999,177.53.154.213:999,170.254.255.253:45816,
170.80.202.246:999,177.53.221.89:44196,173.195.27.153:10091,
170.81.35.26:33566,177.55.57.69:3128,174.64.199.79:4145,
170.83.242.250:999,177.55.207.38:8080,174.64.199.82:4145,
170.238.112.71:8080,177.69.180.171:8080,174.75.211.222:4145,
170.239.255.2:55443,177.71.77.202:20183,174.77.111.196:4145,
170.244.210.107:999,177.71.92.134:8080,174.77.111.197:4145,
170.244.210.109:999,177.73.16.74:55443,174.77.111.198:49547,
170.246.85.9:37163,177.93.33.188:8080,175.100.72.95:55360,
171.233.151.214:55443,177.93.50.164:999,175.100.87.209:5678,
173.165.102.210:8080,177.93.50.234:999,175.101.18.25:5678,
173.196.205.170:8080,177.105.232.114:8080,175.111.119.42:58033,
173.197.167.242:8080,177.124.184.52:8080,176.99.2.43:1081,
173.219.112.85:8080,177.128.44.126:6006,176.113.157.149:37417,
173.249.30.197:8118,177.128.44.131:6006,176.114.244.92:33722,
174.81.78.64:48678,177.136.227.30:3128,176.118.51.82:3629,
175.100.72.95:55360,177.220.188.213:8080,176.119.227.65:5678,
175.101.80.136:8080,177.220.226.122:50151,176.123.218.161:18080,
175.101.80.145:8080,177.229.210.66:8080,176.215.237.166:5678,
175.101.85.129:8080,177.234.236.1:999,176.236.163.35:59311,
175.106.10.164:8089,177.242.148.14:999,176.236.163.36:59311,
175.184.230.233:6565,177.242.151.131:8080,176.241.82.149:5678,
176.31.7.185:8080,177.242.151.157:8080,176.241.89.244:53583,
176.99.2.43:1081,177.247.7.158:8080,177.8.170.122:1080,
176.110.121.90:21776,178.47.141.85:2580,177.12.178.249:4153,
176.115.197.118:8080,178.93.151.100:8080,177.30.63.43:4153,
176.118.50.237:53281,178.136.2.208:55443,177.36.35.166:5678,
176.118.50.238:53281,178.151.205.154:38421,177.36.185.179:5678,
176.214.97.55:1256,178.168.88.199:8080,177.38.5.137:4153,
176.235.131.228:9090,178.205.101.67:3129,177.53.221.89:44196,
176.235.131.229:9090,178.212.196.177:9999,177.64.31.243:5678,
176.236.85.246:9090,178.217.172.206:55443,177.72.112.249:31164,
176.236.232.54:9090,179.1.91.37:999,177.73.248.26:55290,
176.236.232.66:9090,179.124.31.233:8080,177.85.157.25:4153,
176.241.89.244:53583,179.189.125.222:8080,177.85.205.89:3629,
177.23.54.10:6006,180.178.111.219:8080,177.85.205.113:3629,
177.53.152.138:999,180.178.111.220:8080,177.85.234.142:5678,
177.53.154.213:999,180.178.111.221:8080,177.86.24.130:4153,
177.53.221.89:44196,180.180.123.40:8080,177.86.64.57:3629,
177.55.57.69:3128,180.180.218.250:8080,177.87.230.29:43573,
177.55.207.38:8080,180.193.213.42:8080,177.87.230.31:43573,
177.69.180.171:8080,180.193.216.213:8080,177.93.72.130:4153,
177.71.77.202:20183,180.210.184.226:8080,177.93.77.10:4153,
177.71.92.134:8080,180.211.191.58:8080,177.104.16.118:14880,
177.73.16.74:55443,180.211.248.222:8080,177.104.123.30:5678,
177.93.33.188:8080,180.250.153.129:53281,177.104.192.122:41443,
177.93.50.164:999,181.10.117.254:999,177.124.211.250:4153,
177.93.50.234:999,181.10.123.154:999,177.128.44.126:6006,
177.105.232.114:8080,181.31.225.234:3128,177.128.44.129:31337,
177.124.184.52:8080,181.48.101.245:3128,177.128.44.131:6006,
177.128.44.126:6006,181.49.23.78:999,177.129.63.142:4153,
177.128.44.131:6006,181.49.100.190:8080,177.131.29.210:4153,
177.136.227.30:3128,181.65.189.90:9812,177.184.67.25:4145,
177.220.188.213:8080,181.74.81.195:999,177.207.192.137:4145,
177.220.226.122:50151,181.78.13.211:999,177.220.188.213:8080,
177.229.210.66:8080,181.78.15.105:999,177.220.243.130:4153,
177.234.236.1:999,181.78.16.225:999,177.222.44.202:4153,
177.242.148.14:999,181.113.135.254:50083,178.33.192.51:25201,
177.242.151.131:8080,181.115.187.218:8080,178.48.68.61:4145,
177.242.151.157:8080,181.129.2.90:8081,178.72.192.37:5678,
177.247.7.158:8080,181.129.43.3:8080,178.132.4.53:443,
178.47.141.85:2580,181.129.70.82:44357,178.134.153.205:14888,
178.93.151.100:8080,181.129.74.58:40667,178.151.205.154:38421,
178.136.2.208:55443,181.129.98.146:8080,178.168.208.4:5678,
178.151.205.154:38421,181.129.138.114:30838,178.212.48.18:5678,
178.168.88.199:8080,181.129.183.19:53281,178.212.48.70:1080,
178.205.101.67:3129,181.143.37.90:8181,178.212.49.64:1080,
178.212.196.177:9999,181.143.106.162:52151,178.212.52.92:5678,
178.217.172.206:55443,181.143.191.138:999,178.212.54.137:5678,
179.1.91.37:999,181.176.161.39:999,178.212.55.61:1080,
179.42.79.10:999,181.176.221.151:9812,178.212.65.61:3629,
179.124.31.233:8080,181.188.156.171:8080,178.249.218.34:5678,
179.184.165.181:8080,181.192.2.23:8080,178.253.212.118:1080,
179.189.125.222:8080,181.198.62.154:999,179.40.75.1:61362,
180.178.111.219:8080,181.205.41.210:7654,179.125.172.177:4153,
180.178.111.220:8080,181.209.111.149:999,179.183.29.194:4145,
180.178.111.221:8080,182.23.35.242:8080,180.178.104.106:5678,
180.180.123.40:8080,182.23.107.210:3128,180.180.124.248:49992,
180.180.218.250:8080,182.52.51.10:61124,180.180.152.94:4145,
180.193.213.42:8080,182.52.140.57:8080,180.180.152.98:4145,
180.193.216.213:8080,182.52.229.165:8080,180.180.171.113:4145,
180.210.184.226:8080,182.70.117.107:84,180.193.220.189:5678,
180.211.191.58:8080,182.71.146.148:8080,180.211.191.38:5678,
180.211.248.222:8080,182.237.16.7:83,181.13.198.90:4153,
180.250.153.129:53281,182.253.26.196:8080,181.48.63.206:4153,
181.10.117.254:999,182.253.28.124:8080,181.78.24.26:5678,
181.10.123.154:999,182.253.93.4:4145,181.78.27.238:4153,
181.31.225.234:3128,182.253.105.123:8080,181.111.175.237:4153,
181.48.101.245:3128,182.253.108.186:8080,181.113.135.254:50083,
181.49.23.78:999,182.253.112.194:8080,181.115.144.182:5678,
181.49.100.190:8080,182.253.197.69:8080,181.115.152.114:4153,
181.65.189.90:9812,182.253.197.70:8080,181.118.158.38:4153,
181.74.81.195:999,183.88.210.77:8080,181.129.62.2:47377,
181.78.13.211:999,183.88.212.184:8080,181.129.70.82:44357,
181.78.15.105:999,183.88.219.206:41564,181.129.74.58:40667,
181.78.16.225:999,183.88.228.208:8080,181.129.138.114:30838,
181.78.24.26:5678,184.155.36.194:8080,181.143.69.27:4145,
181.113.135.254:50083,185.12.68.163:43393,181.143.69.227:5678,
181.115.187.218:8080,185.23.110.106:8080,181.143.204.98:5678,
181.129.2.90:8081,185.44.232.30:53281,181.168.132.9:5678,
181.129.43.3:8080,185.58.19.235:8080,181.174.85.78:5678,
181.129.70.82:44357,185.82.99.42:9093,181.174.85.109:5678,
181.129.74.58:40667,185.108.140.69:8080,181.174.130.165:5678,
181.129.98.146:8080,185.141.10.227:34082,181.199.122.74:5678,
181.129.138.114:30838,185.142.43.217:8080,181.205.36.210:5678,
181.129.183.19:53281,185.181.166.209:8080,181.209.86.171:58682,
181.143.37.90:8181,185.184.52.113:8080,181.212.10.89:4153,
181.143.106.162:52151,185.189.186.19:8080,182.16.191.202:5678,
181.143.191.138:999,185.199.84.161:53281,182.16.245.54:30617,
181.143.224.43:999,185.255.46.121:8080,182.23.5.70:5678,
181.176.161.39:999,186.3.38.200:999,182.48.89.101:3629,
181.176.221.151:9812,186.3.38.202:999,182.52.19.222:3629,
181.188.156.171:8080,186.5.117.82:999,182.52.51.10:61124,
181.192.2.23:8080,186.47.81.50:8888,182.52.67.122:50801,
181.198.62.154:999,186.47.83.126:80,182.53.96.56:4145,
181.205.41.210:7654,186.67.192.246:8080,182.61.201.201:80,
181.209.86.187:8080,186.103.234.75:999,182.71.146.148:8080,
181.209.111.149:999,186.125.235.101:999,182.92.77.108:8081,
182.23.35.242:8080,186.150.207.29:9812,182.93.80.3:8291,
182.23.107.210:3128,186.208.81.214:3129,182.93.85.49:5678,
182.52.51.10:61124,186.215.68.51:3127,182.160.110.182:5678,
182.52.140.57:8080,186.232.119.58:3128,182.160.124.106:5678,
182.52.229.165:8080,186.248.89.6:5005,182.160.127.53:48744,
182.70.117.107:84,187.1.57.206:20183,182.253.93.4:4145,
182.71.146.148:8080,187.6.108.42:8080,182.253.192.186:46634,
182.237.16.7:83,187.19.102.22:3128,183.88.219.206:41564,
182.253.26.196:8080,187.44.167.78:47074,183.177.127.42:5678,
182.253.28.124:8080,187.45.127.87:20183,183.182.102.135:5678,
182.253.93.4:4145,187.62.195.145:8080,183.247.199.215:30001,
182.253.105.123:8080,187.73.68.14:53281,183.247.221.119:30001,
182.253.108.186:8080,187.94.16.59:39665,184.155.36.194:8080,
182.253.112.194:8080,187.102.236.161:999,184.178.172.3:4145,
182.253.197.69:8080,187.102.236.209:999,184.178.172.5:15303,
182.253.197.70:8080,187.109.37.53:20183,184.178.172.11:4145,
183.88.210.77:8080,187.115.10.50:20183,184.178.172.13:15311,
183.88.212.184:8080,187.130.139.197:37812,184.178.172.14:4145,
183.88.219.206:41564,187.188.108.114:8080,184.178.172.17:4145,
183.88.228.208:8080,187.188.169.169:8080,184.178.172.18:15280,
184.155.36.194:8080,187.188.171.73:6969,184.178.172.23:4145,
185.12.68.163:43393,187.189.176.155:999,184.178.172.25:15291,
185.23.110.106:8080,187.190.252.248:999,184.178.172.26:4145,
185.44.232.30:53281,187.216.93.20:55443,184.178.172.28:15294,
185.58.19.235:8080,187.243.250.197:3128,184.181.217.194:4145,
185.82.98.73:5678,188.133.139.219:1256,184.181.217.201:4145,
185.108.140.69:8080,188.133.152.125:8080,184.181.217.206:4145,
185.141.10.227:34082,188.133.152.247:1256,184.181.217.210:4145,
185.142.43.217:8080,188.133.153.161:1256,184.181.217.213:4145,
185.181.166.209:8080,188.133.157.61:10000,184.181.217.220:4145,
185.184.52.113:8080,188.133.158.27:8080,185.12.68.163:43393,
185.189.186.19:8080,188.133.158.80:1256,185.14.121.211:7890,
185.199.84.161:53281,188.133.158.145:8080,185.16.32.203:1080,
185.255.46.121:8080,188.133.173.21:8080,185.18.72.249:4153,
186.3.38.200:999,188.163.170.130:35578,185.20.26.41:43051,
186.3.38.202:999,188.169.38.111:8080,185.22.31.227:4153,
186.5.117.82:999,188.235.130.50:8080,185.32.44.221:4153,
186.47.81.50:8888,188.252.14.7:3128,185.40.80.143:4153,
186.47.83.126:80,189.3.169.34:9812,185.43.189.182:3629,
186.67.192.246:8080,189.50.2.17:8080,185.43.249.148:39316,
186.103.234.75:999,189.73.50.58:8080,185.47.184.253:45463,
186.125.235.101:999,189.90.255.208:3128,185.51.92.84:51327,
186.150.207.29:9812,189.199.106.202:999,185.54.238.208:4153,
186.208.81.214:3129,189.201.242.225:999,185.56.180.14:5678,
186.215.68.51:3127,189.203.180.233:999,185.56.246.76:8291,
186.232.119.58:3128,189.203.234.146:999,185.57.229.177:5678,
186.248.89.6:5005,190.2.210.114:999,185.61.152.137:8080,
187.1.57.206:20183,190.12.95.170:37209,185.64.105.82:9050,
187.6.108.42:8080,190.14.249.217:999,185.66.59.238:42647,
187.19.102.22:3128,190.53.46.11:38525,185.66.228.149:4145,
187.44.167.78:47074,190.61.57.42:8080,185.75.110.50:43837,
187.45.127.87:20183,190.61.101.39:8080,185.79.241.34:42756,
187.62.195.145:8080,190.85.141.170:9090,185.82.98.73:5678,
187.73.68.14:53281,190.90.83.225:999,185.82.99.42:9093,
187.94.16.59:39665,190.90.86.81:999,185.89.65.170:33744,
187.102.236.161:999,190.90.102.35:8080,185.95.199.103:1099,
187.102.236.209:999,190.90.242.208:999,185.97.114.179:3629,
187.109.37.53:20183,190.90.242.210:999,185.97.122.253:4153,
187.115.10.50:20183,190.92.67.210:999,185.132.228.226:4145,
187.130.139.197:37812,190.95.156.166:999,185.136.150.252:4145,
187.188.108.114:8080,190.103.86.254:8080,185.140.101.28:5678,
187.188.169.169:8080,190.104.1.19:999,185.157.47.236:1080,
187.188.171.73:6969,190.104.5.173:8080,185.161.186.133:54321,
187.189.176.155:999,190.107.224.150:3128,185.165.169.199:10846,
187.190.252.248:999,190.107.232.138:999,185.171.54.26:4153,
187.216.93.20:55443,190.109.6.113:999,185.171.54.34:4153,
187.243.250.197:3128,190.109.6.114:999,185.171.54.35:4153,
188.133.139.219:1256,190.109.6.121:999,185.188.218.14:4145,
188.133.152.125:8080,190.109.16.145:999,185.189.186.19:8080,
188.133.152.247:1256,190.109.18.65:8080,185.189.208.65:4153,
188.133.153.161:1256,190.110.99.104:999,185.195.129.116:4153,
188.133.157.61:10000,190.112.137.81:8085,185.198.181.140:5678,
188.133.158.27:8080,190.119.211.42:9812,185.200.38.53:10820,
188.133.158.80:1256,190.120.186.254:999,185.207.205.134:8001,
188.133.158.145:8080,190.128.225.115:999,185.208.191.110:1088,
188.133.173.21:8080,190.128.225.117:999,185.213.156.226:51971,
188.163.170.130:35578,190.131.250.105:999,186.10.0.117:4145,
188.166.4.251:8118,190.145.200.126:53281,186.10.102.218:5678,
188.169.38.111:8080,190.152.5.126:53040,186.47.81.50:8888,
188.235.130.50:8080,190.185.116.161:999,186.47.82.62:53523,
188.252.14.7:3128,190.186.1.65:999,186.87.179.54:5678,
189.3.169.34:9812,190.186.18.161:999,186.97.167.26:5678,
189.50.2.17:8080,190.186.18.177:999,186.97.198.18:5678,
189.73.50.58:8080,190.186.159.17:999,186.97.238.11:4153,
189.90.255.208:3128,190.187.201.26:8080,186.137.12.51:4145,
189.199.106.202:999,190.214.27.46:8080,186.147.254.122:5678,
189.201.242.225:999,190.220.1.173:35376,186.201.31.189:4145,
189.203.180.233:999,190.221.174.130:8080,186.208.19.61:5678,
189.203.234.146:999,191.97.9.189:999,186.211.199.118:4145,
190.2.210.114:999,191.102.64.147:999,186.224.225.98:4145,
190.2.210.186:999,191.102.74.113:8080,186.225.36.122:5678,
190.12.95.170:37209,191.102.251.25:8085,186.225.194.78:34110,
190.14.249.217:999,191.242.230.135:8080,186.233.59.88:4145,
190.53.46.11:38525,192.140.42.83:59057,187.19.127.179:4153,
190.61.48.25:999,192.141.196.129:8080,187.19.127.246:8011,
190.61.57.42:8080,192.158.15.201:60684,187.44.146.2:32139,
190.61.101.39:8080,193.106.138.52:3128,187.44.167.78:47074,
190.85.141.170:9090,193.110.115.220:3128,187.58.135.42:5678,
190.90.83.225:999,193.117.138.126:44805,187.85.157.30:5678,
190.90.86.81:999,193.164.131.202:7890,187.94.16.59:39665,
190.90.102.35:8080,194.44.172.254:23500,187.95.82.146:3629,
190.90.242.208:999,194.181.134.81:8080,187.95.136.46:5678,
190.90.242.210:999,195.39.233.18:8080,187.95.136.74:5678,
190.92.67.210:999,195.94.28.14:80,187.102.26.79:35618,
190.95.156.166:999,195.138.90.226:3128,187.115.3.186:5678,
190.103.86.254:8080,195.178.56.33:8080,187.122.13.70:5678,
190.104.1.19:999,195.211.219.147:5555,187.122.105.181:4153,
190.104.5.173:8080,195.250.92.58:8080,187.122.248.194:5678,
190.107.224.150:3128,196.0.111.194:34638,187.130.139.197:37812,
190.107.232.138:999,196.2.15.68:8080,187.141.129.86:4153,
190.109.6.113:999,196.3.97.71:5678,187.157.177.18:5678,
190.109.6.114:999,196.44.117.10:8080,187.177.30.154:4145,
190.109.6.121:999,197.155.230.206:8080,187.210.136.88:4153,
190.109.16.145:999,197.211.38.94:8080,187.252.154.90:4153,
190.109.18.65:8080,197.232.65.40:55443,188.93.64.242:4153,
190.110.99.104:999,197.245.230.122:41026,188.95.20.138:5678,
190.112.137.81:8085,197.255.55.122:41890,188.112.39.231:5678,
190.119.211.42:9812,198.52.241.4:999,188.133.160.22:4145,
190.120.186.254:999,198.229.231.13:8080,188.138.139.216:4145,
190.128.225.115:999,200.6.185.62:6969,188.163.170.130:35578,
190.128.225.117:999,200.7.10.158:8080,188.166.4.251:8118,
190.131.250.105:999,200.8.190.45:999,188.169.142.196:4145,
190.145.200.126:53281,200.13.154.41:8080,188.191.164.55:3629,
190.152.5.126:53040,200.16.208.187:8080,188.246.181.50:4145,
190.185.116.161:999,200.24.157.114:999,188.247.39.14:43032,
190.186.1.65:999,200.24.157.116:999,189.2.86.163:4153,
190.186.18.161:999,200.24.157.118:999,189.2.164.165:4153,
190.186.18.177:999,200.24.157.119:999,189.17.105.130:4153,
190.186.159.17:999,200.24.159.163:999,189.22.78.34:4153,
190.187.201.26:8080,200.24.159.191:999,189.91.85.133:31337,
190.202.94.210:8080,200.25.254.193:54240,189.121.227.139:5678,
190.214.27.46:8080,200.29.109.112:14888,190.11.116.49:4153,
190.216.234.242:8080,200.46.65.66:8080,190.11.198.89:4153,
190.220.1.173:35376,200.48.3.226:10101,190.12.95.170:37209,
190.221.174.130:8080,200.48.3.227:10101,190.14.32.209:5678,
191.97.9.189:999,200.48.3.228:10101,190.14.155.198:5678,
191.102.64.147:999,200.54.22.74:8080,190.15.252.205:3629,
191.102.74.113:8080,200.58.87.195:8080,190.53.46.11:38525,
191.102.251.25:8085,200.61.16.80:8080,190.85.34.203:3629,
191.242.230.135:8080,200.69.74.166:6996,190.89.89.157:4153,
191.252.1.154:80,200.81.187.18:9812,190.104.26.227:33638,
192.140.42.83:59057,200.91.223.124:8080,190.106.203.86:5678,
192.141.196.129:8080,200.105.170.214:8080,190.107.240.214:1080,
192.158.15.201:60684,200.105.215.18:33630,190.116.175.91:5678,
193.106.138.52:3128,200.106.184.13:999,190.116.175.94:5678,
193.110.115.220:3128,200.106.187.242:999,190.120.248.65:4145,
193.117.138.126:44805,200.106.187.246:999,190.123.226.109:5678,
193.164.131.202:7890,200.106.187.247:999,190.140.31.195:9900,
194.44.172.254:23500,200.106.187.252:999,190.144.224.182:44550,
194.181.134.81:8080,200.116.198.222:9812,190.152.151.110:4673,
195.39.233.18:8080,200.116.226.210:57089,190.153.253.5:4145,
195.94.28.14:80,200.125.171.61:999,190.158.115.126:5678,
195.138.90.226:3128,200.125.171.62:999,190.180.35.148:5678,
195.178.56.33:8080,200.125.171.201:9991,190.186.216.196:5678,
195.211.219.147:5555,200.125.171.202:9991,190.188.244.23:5678,
195.250.92.58:8080,200.164.65.83:55443,190.196.20.166:44907,
196.0.111.194:34638,200.172.255.195:8080,190.214.27.46:8080,
196.2.15.68:8080,200.188.151.212:8080,190.216.56.177:4153,
196.3.97.71:5678,200.229.147.2:999,190.220.1.173:35376,
196.20.12.1:8080,200.233.92.222:20183,191.97.2.198:5678,
196.44.117.10:8080,201.20.110.54:55443,191.102.82.83:4153,
197.155.230.206:8080,201.28.39.6:3128,191.183.77.33:5678,
197.211.38.94:8080,201.71.159.8:5566,191.243.56.146:4153,
197.232.39.208:14880,201.77.108.130:999,192.12.113.226:4145,
197.232.65.40:55443,201.77.109.129:999,192.82.64.123:5678,
197.245.230.122:41026,201.91.82.155:3128,192.111.129.145:16894,
197.255.55.122:41890,201.150.117.97:999,192.111.130.2:4145,
198.52.241.4:999,201.157.254.26:8080,192.111.130.5:17002,
198.229.231.13:8080,201.174.10.170:999,192.111.135.17:18302,
200.6.185.62:6969,201.182.85.242:999,192.111.135.18:18301,
200.7.10.158:8080,201.217.55.97:8080,192.111.137.34:18765,
200.7.11.154:8080,201.217.246.178:8080,192.111.137.35:4145,
200.8.190.45:999,201.222.45.64:999,192.111.137.37:18762,
200.13.154.41:8080,201.222.45.65:999,192.111.138.29:4145,
200.16.208.187:8080,201.222.45.69:999,192.111.139.162:4145,
200.24.157.114:999,202.4.116.242:8080,192.111.139.163:19404,
200.24.157.116:999,202.21.110.82:8020,192.111.139.165:4145,
200.24.157.118:999,202.51.106.229:8080,192.139.192.29:4153,
200.24.157.119:999,202.51.114.210:3128,192.140.42.83:59057,
200.24.159.163:999,202.53.171.114:80,192.158.15.201:60684,
200.24.159.191:999,202.57.55.242:45112,192.249.127.96:9999,
200.25.254.193:54240,202.62.11.197:8080,192.252.208.67:14287,
200.29.109.112:14888,202.62.67.209:53281,192.252.208.70:14282,
200.46.65.66:8080,202.62.84.210:53281,192.252.209.155:14455,
200.48.3.226:10101,202.65.158.235:83,192.252.211.197:14921,
200.48.3.227:10101,202.65.158.237:83,192.252.214.20:15864,
200.48.3.228:10101,202.69.38.82:8080,192.252.215.5:16137,
200.54.22.74:8080,202.75.97.82:47009,192.252.220.92:17328,
200.58.87.195:8080,202.77.120.38:57965,193.106.58.51:4153,
200.61.16.80:8080,202.136.89.213:8080,193.106.231.145:4145,
200.69.74.166:6996,202.138.249.185:8080,193.110.115.220:3128,
200.81.187.18:9812,202.141.233.66:8080,193.239.101.11:44712,
200.91.223.124:8080,202.142.158.114:8080,194.8.145.174:5678,
200.105.170.214:8080,202.147.198.115:8080,194.12.124.188:3629,
200.105.215.18:33630,202.152.12.202:8080,194.28.91.10:5678,
200.106.184.13:999,202.152.51.44:8080,194.44.74.118:1080,
200.106.187.242:999,202.152.143.64:3128,194.50.127.41:44629,
200.106.187.246:999,202.162.37.68:8080,194.85.135.243:4145,
200.106.187.247:999,202.164.152.233:8080,195.16.78.236:1080,
200.106.187.252:999,202.165.47.90:55443,195.20.194.77:5678,
200.116.198.222:9812,202.169.51.46:8080,195.120.78.30:5678,
200.116.226.210:57089,202.180.19.41:8080,195.135.242.141:8081,
200.122.255.42:999,202.180.20.10:55443,195.168.91.238:4153,
200.125.171.61:999,202.180.20.66:8080,195.175.87.14:4153,
200.125.171.62:999,203.81.87.186:5678,196.0.111.186:46048,
200.125.171.201:9991,203.81.95.42:8080,196.0.111.194:34638,
200.125.171.202:9991,203.112.223.126:8080,196.3.97.71:5678,
200.164.65.83:55443,203.142.69.66:8080,196.41.46.242:5678,
200.172.255.195:8080,203.150.172.151:8080,196.43.106.62:5678,
200.188.151.212:8080,203.170.222.4:8080,196.61.44.54:5678,
200.217.165.114:8080,203.177.133.235:8080,196.216.12.21:2420,
200.229.147.2:999,203.189.142.168:53281,197.82.166.158:1080,
200.233.92.222:20183,203.190.44.10:3127,197.156.240.66:5678,
201.20.110.54:55443,203.202.255.67:8080,197.211.24.206:5678,
201.28.39.6:3128,203.217.169.100:6969,197.211.240.119:5678,
201.71.2.41:999,203.223.44.146:9812,197.221.90.54:56810,
201.71.159.8:5566,204.199.129.38:999,197.232.21.22:58253,
201.77.108.130:999,206.43.196.31:55443,197.232.39.208:14880,
201.77.109.129:999,206.62.64.34:8080,197.232.47.102:52567,
201.77.110.129:999,208.180.105.70:8080,197.234.13.2:4145,
201.91.82.155:3128,210.14.104.230:8080,197.234.13.72:4145,
201.150.117.97:999,212.42.116.161:8080,197.235.12.130:4145,
201.157.254.26:8080,212.52.180.43:8080,197.245.230.122:41026,
201.174.10.170:999,212.89.188.115:21231,197.248.28.17:10801,
201.182.85.242:999,212.92.204.54:80,197.248.249.147:5678,
201.184.145.59:999,212.95.180.50:53281,197.250.15.58:3043,
201.217.55.97:8080,212.108.144.67:8080,197.255.55.122:41890,
201.217.246.178:8080,212.112.127.20:8080,198.0.198.132:54321,
201.219.29.66:999,212.115.232.79:10800,198.8.94.170:4145,
201.222.45.64:999,212.126.96.154:8080,198.8.94.174:39078,
201.222.45.65:999,213.6.66.66:48687,198.186.192.83:9050,
201.222.45.67:999,213.6.99.106:8080,200.0.247.82:4153,
201.222.45.69:999,213.6.199.94:49044,200.0.247.83:4153,
202.4.116.242:8080,213.6.204.153:49044,200.0.247.84:4153,
202.21.110.82:8020,213.6.227.38:34081,200.0.247.85:4153,
202.51.106.229:8080,213.171.63.210:41890,200.0.247.86:4153,
202.51.114.210:3128,213.222.34.200:53281,200.29.109.112:14888,
202.53.171.114:80,213.242.252.137:3128,200.32.105.86:4153,
202.57.55.242:45112,213.251.238.26:8080,200.41.60.33:4153,
202.62.11.197:8080,216.155.89.66:999,200.42.89.50:4153,
202.62.67.209:53281,216.169.73.65:34679,200.43.231.16:4153,
202.62.84.210:53281,216.176.187.99:30039,200.52.144.170:33865,
202.65.158.235:83,217.11.79.232:8080,200.58.212.19:14888,
202.65.158.237:83,217.21.214.139:8080,200.70.19.82:4153,
202.69.38.82:8080,218.7.171.91:3128,200.70.34.22:4153,
202.75.97.82:47009,218.75.69.50:56430,200.85.52.170:5678,
202.77.120.38:57965,218.86.87.171:31661,200.85.95.234:4153,
202.136.89.213:8080,220.168.52.245:43718,200.91.251.180:3629,
202.138.249.185:8080,221.155.163.113:8080,200.109.65.110:4153,
202.141.233.66:8080,222.74.73.202:42055,200.115.157.211:4145,
202.142.158.114:8080,222.124.193.113:8080,200.116.198.160:58927,
202.147.198.115:8080,222.165.205.156:8089,200.116.226.210:57089,
202.152.12.202:8080,222.216.37.138:808,200.118.122.6:4153,
202.152.51.44:8080,222.252.23.5:8080,200.148.157.6:4153,
202.152.143.64:3128,222.253.48.253:8080,200.174.228.183:4153,
202.162.37.68:8080,223.255.133.34:8080,201.18.91.34:4153,
202.164.152.233:8080,,201.20.79.182:5678,
202.165.47.90:55443,,201.33.161.237:4153,
202.169.51.46:8080,,201.65.121.66:4145,
202.180.19.41:8080,,201.68.215.79:61221,
202.180.20.10:55443,,201.76.179.249:31337,
202.180.20.66:8080,,201.90.171.253:4153,
203.81.87.186:5678,,201.93.159.234:4145,
203.81.95.42:8080,,201.144.20.231:5678,
203.112.223.126:8080,,201.158.10.64:5678,
203.142.69.66:8080,,201.184.135.155:4145,
203.150.172.151:8080,,201.206.141.102:6969,
203.170.222.4:8080,,201.217.55.97:8080,
203.177.133.235:8080,,201.221.128.154:5678,
203.189.142.168:53281,,201.221.157.162:5678,
203.190.44.10:3127,,201.234.24.1:4153,
203.202.255.67:8080,,201.236.248.250:5678,
203.217.169.100:6969,,202.6.224.52:1080,
203.223.44.146:9812,,202.21.103.6:5678,
204.199.129.38:999,,202.21.116.210:4153,
206.43.196.31:55443,,202.40.181.132:5678,
206.62.64.34:8080,,202.53.172.76:5678,
208.180.105.70:8080,,202.53.174.22:1080,
210.14.104.230:8080,,202.57.55.242:45112,
212.42.116.161:8080,,202.70.80.153:5678,
212.52.180.43:8080,,202.70.84.201:4153,
212.89.188.115:21231,,202.72.209.3:44550,
212.92.204.54:80,,202.75.97.82:47009,
212.95.180.50:53281,,202.84.76.190:5678,
212.108.144.67:8080,,202.85.197.139:80,
212.112.127.20:8080,,202.123.180.93:5678,
212.115.232.79:10800,,202.123.183.66:5678,
212.126.96.154:8080,,202.124.43.248:4145,
213.6.66.66:48687,,202.131.246.250:5678,
213.6.99.106:8080,,202.137.24.18:7890,
213.6.199.94:49044,,202.137.141.183:5678,
213.6.204.153:49044,,202.150.151.138:5678,
213.6.227.38:34081,,202.153.91.165:1080,
213.171.63.210:41890,,202.159.6.242:5678,
213.222.34.200:53281,,202.169.35.90:4145,
213.242.252.137:3128,,202.180.20.114:1080,
213.251.238.26:8080,,202.183.155.242:4153,
216.155.89.66:999,,203.76.103.57:4145,
216.169.73.65:34679,,203.76.112.68:5678,
216.176.187.99:30039,,203.81.87.186:5678,
217.11.79.232:8080,,203.112.134.74:5678,
217.21.214.139:8080,,203.124.53.122:5678,
217.181.223.14:8080,,203.130.4.210:5678,
218.1.142.249:57114,,203.142.68.210:5678,
218.7.171.91:3128,,203.194.21.241:4153,
218.75.69.50:56430,,203.194.103.30:5678,
218.86.87.171:31661,,203.205.34.58:5678,
220.168.52.245:43718,,203.210.84.198:1080,
221.155.163.113:8080,,204.10.182.34:39593,
221.178.239.200:7302,,205.164.66.7:4153,
222.74.73.202:42055,,205.177.85.134:39593,
222.124.193.113:8080,,207.180.193.106:9100,
222.165.205.156:8089,,208.102.51.6:58208,
222.216.37.138:808,,209.198.43.57:5678,
222.252.23.5:8080,,210.2.131.196:5678,
222.253.48.253:8080,,210.221.124.147:1080,
223.255.133.34:8080,,211.21.125.32:4153,
"",,212.42.99.22:4145,
"",,212.42.116.161:8080,
"",,212.50.19.150:4153,
"",,212.50.78.202:5678,
"",,212.69.12.41:1080,
"",,212.115.232.79:10800,
"",,212.200.89.10:4153,
"",,212.200.118.254:4153,
"",,212.200.149.242:5678,
"",,212.220.13.98:4153,
"",,213.6.66.66:48687,
"",,213.6.204.153:49044,
"",,213.6.210.50:4153,
"",,213.6.227.38:34081,
"",,213.7.203.58:4145,
"",,213.16.81.147:5678,
"",,213.16.81.182:35559,
"",,213.19.205.18:54321,
"",,213.21.56.20:4153,
"",,213.32.252.134:5678,
"",,213.91.128.99:10801,
"",,213.145.139.202:5678,
"",,213.222.34.200:53281,
"",,216.155.93.238:5678,
"",,216.169.73.65:34679,
"",,216.215.126.106:48324,
"",,216.218.240.46:48324,
"",,217.64.27.144:5678,
"",,217.115.213.186:4145,
"",,217.115.213.187:4145,
"",,217.117.138.150:3629,
"",,218.1.142.161:57114,
"",,218.1.142.249:57114,
"",,218.1.200.234:57114,
"",,218.24.16.198:36180,
"",,218.60.2.245:1080,
"",,218.75.69.50:56430,
"",,218.86.87.171:31661,
"",,218.252.244.104:80,
"",,220.132.115.147:4145,
"",,220.168.52.245:43718,
"",,220.174.210.128:4145,
"",,220.196.56.47:1080,
"",,221.2.71.10:4153,
"",,221.4.161.201:51080,
"",,221.181.174.15:4153,
"",,222.124.130.198:4145,
"",,222.165.234.147:52667,
"",,223.96.90.216:8085,
